{"cameraMode":{"drawMode":0,"name":"Shaded","section":"Shading Mode"},"sceneLighting":false,"audioPlay":false,"sceneViewState":{"m_AlwaysRefresh":false,"showFog":true,"showSkybox":false,"showFlares":true,"showImageEffects":true,"showParticleSystems":true,"showVisualEffectGraphs":true,"m_FxEnabled":true},"in2DMode":false,"pivot":{"x":0.036589622497558597,"y":1.1455987691879273,"z":-0.0268363356590271},"rotation":{"x":0.0725618526339531,"y":0.9186616539955139,"z":-0.3326309621334076,"w":0.2003987580537796},"size":1.8766614198684693,"orthographic":false}